,Susceptibles,Expuestos,Infectados,Recuperados,Mosquitos_S,Mosquitos_I,Mosquitos_Total,Huevos,Temperatura,Precipitacion,Sitios_Temporales,LSM_Activo,ITN_IRS_Activo
0,2991,0,9,0,1494,6,1500,50,25.0,0.0,0,False,False
1,2989,2,9,0,1493,7,1500,50,21.5,2.3,0,False,False
2,2987,4,9,0,1492,8,1500,48,22.3,0.0,0,False,False
3,2985,6,9,0,1490,10,1500,10107,22.3,0.0,0,False,False
4,2983,8,9,0,1490,10,1500,13902,21.8,0.0,0,False,False
5,2982,8,10,0,1490,10,1500,14503,21.6,0.0,0,False,False
6,2981,6,4,9,1488,12,1500,19522,19.5,0.2,0,False,False
7,2981,5,5,9,1487,13,1500,22907,20.1,1.7,0,False,False
8,2980,5,6,9,1486,14,1500,24263,21.8,0.3,0,False,False
9,2978,4,9,9,1485,15,1500,27232,21.7,0.0,0,False,False
10,2978,3,10,9,1485,15,1500,28877,21.0,0.0,0,False,False
11,2977,4,9,10,1483,17,1500,30159,19.8,7.2,3,False,False
12,2977,4,6,13,1483,17,1500,32298,21.2,8.0,7,False,False
13,2977,2,7,14,1483,17,1500,33081,20.1,5.1,9,False,False
14,2976,2,7,15,1483,17,1500,33476,20.6,3.5,9,False,False
15,2974,3,5,18,1514,18,1532,34383,21.0,1.7,9,False,False
16,2972,5,4,19,1514,18,1532,35225,20.8,3.8,9,False,False
17,2972,5,4,19,1514,18,1532,35532,21.9,0.5,6,False,False
18,2970,6,5,19,8085,20,8105,29760,21.3,0.3,2,False,False
19,2969,6,4,21,10730,37,10767,27494,21.9,0.1,0,False,False
20,2967,7,4,22,11390,41,11431,114070,24.0,0.0,0,False,False
21,2965,7,5,23,17618,41,17659,169307,23.1,0.3,0,False,False
22,2963,9,5,23,19004,43,19047,191492,21.4,1.6,0,False,False
23,2963,6,8,23,21485,47,21532,333540,22.8,0.0,0,False,False
24,2962,5,9,24,23104,70,23174,415270,21.2,3.8,0,False,False
25,2960,6,9,25,24557,88,24645,477072,22.3,0.0,0,False,False
26,2957,6,11,26,26572,114,26686,594233,22.4,52.3,26,False,False
27,2952,11,9,28,27751,116,27867,676562,22.4,0.0,26,False,False
28,2949,13,10,28,28671,119,28790,754493,21.3,24.9,38,False,False
29,2946,16,7,31,29979,126,30105,846836,21.2,0.0,38,False,False
30,2942,18,7,33,31229,128,31357,916477,19.9,8.1,42,False,False
