,Susceptibles,Expuestos,Infectados,Recuperados,Mosquitos_S,Mosquitos_I,Mosquitos_Total,Huevos,Temperatura,Precipitacion,Sitios_Temporales,LSM_Activo,ITN_IRS_Activo,seed,estrategia,usar_lsm,usar_itn_irs,run_id
0,9998,0,2,0,2000,3000,5000,2000,25.0,0.0,0,False,False,42,sin_control,False,False,1
1,9998,0,2,0,1856,2786,4642,16636,21.5,2.3,0,False,False,42,sin_control,False,False,1
2,9997,1,2,0,1709,2563,4272,24410,22.3,0.0,0,False,False,42,sin_control,False,False,1
3,9997,1,2,0,1601,2382,3983,27987,22.3,0.0,0,False,False,42,sin_control,False,False,1
4,9997,1,2,0,1487,2235,3722,28877,21.8,0.0,0,False,False,42,sin_control,False,False,1
5,9997,1,2,0,1381,2072,3453,29373,21.6,0.0,0,False,False,42,sin_control,False,False,1
6,9997,0,3,0,1294,1931,3225,28587,19.5,0.2,0,False,False,42,sin_control,False,False,1
7,9997,0,3,0,1201,1790,2991,28052,20.1,1.7,0,False,False,42,sin_control,False,False,1
8,9997,0,1,2,1116,1648,2764,26597,21.8,0.3,0,False,False,42,sin_control,False,False,1
9,9996,1,1,2,1028,1532,2560,24554,21.7,0.0,0,False,False,42,sin_control,False,False,1
10,9994,3,1,2,974,1398,2372,22671,21.0,0.0,0,False,False,42,sin_control,False,False,1
11,9994,3,1,2,903,1306,2209,21621,19.8,7.2,3,False,False,42,sin_control,False,False,1
12,9994,3,1,2,841,1209,2050,23479,21.2,8.0,7,False,False,42,sin_control,False,False,1
13,9994,2,2,2,771,1127,1898,23749,20.1,5.1,9,False,False,42,sin_control,False,False,1
14,9994,0,3,3,708,1022,1730,23782,20.6,3.5,9,False,False,42,sin_control,False,False,1
15,9994,0,3,3,665,958,1623,25979,21.0,1.7,9,False,False,42,sin_control,False,False,1
16,9994,0,3,3,647,883,1530,26946,20.8,3.8,9,False,False,42,sin_control,False,False,1
17,9994,0,3,3,640,828,1468,27913,21.9,0.5,9,False,False,42,sin_control,False,False,1
18,9994,0,3,3,645,790,1435,26148,21.3,0.3,9,False,False,42,sin_control,False,False,1
19,9994,0,3,3,665,755,1420,24530,21.9,0.1,6,False,False,42,sin_control,False,False,1
20,9994,0,3,3,706,705,1411,19198,24.0,0.0,2,False,False,42,sin_control,False,False,1
21,9993,1,2,4,873,691,1564,17284,23.1,0.3,0,False,False,42,sin_control,False,False,1
22,9993,1,0,6,917,677,1594,15550,21.4,1.6,0,False,False,42,sin_control,False,False,1
23,9993,1,0,6,936,651,1587,14806,22.8,0.0,0,False,False,42,sin_control,False,False,1
24,9992,2,0,6,949,626,1575,13897,21.2,3.8,0,False,False,42,sin_control,False,False,1
25,9992,1,1,6,993,592,1585,14137,22.3,0.0,0,False,False,42,sin_control,False,False,1
26,9992,1,1,6,995,658,1653,17210,22.4,52.3,26,False,False,42,sin_control,False,False,1
27,9992,1,1,6,988,626,1614,20193,22.4,0.0,26,False,False,42,sin_control,False,False,1
28,9992,0,2,6,991,612,1603,22163,21.3,24.9,38,False,False,42,sin_control,False,False,1
29,9992,0,2,6,1008,574,1582,24080,21.2,0.0,38,False,False,42,sin_control,False,False,1
30,9992,0,2,6,995,545,1540,25399,19.9,8.1,42,False,False,42,sin_control,False,False,1
31,9992,0,2,6,986,507,1493,26358,21.1,0.0,42,False,False,42,sin_control,False,False,1
32,9991,1,2,6,981,479,1460,26960,21.1,0.4,42,False,False,42,sin_control,False,False,1
33,9991,1,1,7,982,450,1432,27937,23.0,0.0,42,False,False,42,sin_control,False,False,1
34,9991,1,1,7,986,436,1422,28533,22.4,0.0,16,False,False,42,sin_control,False,False,1
35,9991,1,1,7,1081,425,1506,26754,21.6,9.9,20,False,False,42,sin_control,False,False,1
36,9991,0,1,8,1167,401,1568,25728,21.2,0.8,8,False,False,42,sin_control,False,False,1
37,9991,0,1,8,1316,490,1806,27179,20.1,50.0,33,False,False,42,sin_control,False,False,1
38,9991,0,1,8,1531,491,2022,29797,19.9,7.5,32,False,False,42,sin_control,False,False,1
39,9991,0,1,8,1406,463,1869,31554,19.6,21.2,42,False,False,42,sin_control,False,False,1
40,9992,0,1,7,1691,471,2162,33257,21.3,0.0,42,False,False,42,sin_control,False,False,1
41,9992,0,1,7,1861,543,2404,36113,21.0,2.4,42,False,False,42,sin_control,False,False,1
42,9992,0,1,7,2125,544,2669,38537,22.8,0.0,42,False,False,42,sin_control,False,False,1
43,9992,0,1,7,2760,605,3365,42653,22.9,0.0,38,False,False,42,sin_control,False,False,1
44,9991,1,0,8,2957,610,3567,47609,20.7,5.5,40,False,False,42,sin_control,False,False,1
45,9990,2,0,8,3170,615,3785,52399,21.7,2.0,15,False,False,42,sin_control,False,False,1
46,9990,2,0,8,3340,621,3961,53352,21.2,1.0,12,False,False,42,sin_control,False,False,1
47,9990,2,0,8,3480,627,4107,54595,23.2,0.0,2,False,False,42,sin_control,False,False,1
48,9990,1,1,8,3589,611,4200,56305,22.7,7.2,5,False,False,42,sin_control,False,False,1
49,9990,1,2,7,3657,602,4259,57085,21.7,2.0,5,False,False,42,sin_control,False,False,1
50,9990,1,2,7,3767,594,4361,61933,20.6,10.9,10,False,False,42,sin_control,False,False,1
51,9990,1,2,7,3829,611,4440,62595,20.8,1.2,10,False,False,42,sin_control,False,False,1
52,9990,1,2,7,4005,586,4591,62394,22.5,0.0,8,False,False,42,sin_control,False,False,1
53,9990,0,3,7,4069,578,4647,68391,22.8,5.8,10,False,False,42,sin_control,False,False,1
54,9990,0,3,7,4154,561,4715,72494,21.4,16.4,18,False,False,42,sin_control,False,False,1
55,9990,0,3,7,4310,547,4858,76942,21.5,7.8,21,False,False,42,sin_control,False,False,1
56,9990,1,2,7,4447,518,4966,80758,22.8,0.0,18,False,False,42,sin_control,False,False,1
57,9990,1,1,8,4780,590,5372,85430,20.5,49.0,42,False,False,42,sin_control,False,False,1
58,9990,1,1,8,5159,576,5737,89406,20.5,8.9,41,False,False,42,sin_control,False,False,1
59,9990,1,1,8,5556,555,6113,95328,21.3,8.3,45,False,False,42,sin_control,False,False,1
60,9990,0,2,8,6037,553,6592,98375,20.0,18.6,54,False,False,42,sin_control,False,False,1
61,9990,0,1,9,6541,583,7126,101702,20.5,8.3,56,False,False,42,sin_control,False,False,1
62,9990,0,1,9,7070,577,7649,108970,20.6,5.0,50,False,False,42,sin_control,False,False,1
63,9989,1,1,9,7658,558,8216,118267,21.6,0.8,47,False,False,42,sin_control,False,False,1
64,9989,1,1,9,8161,541,8702,127172,20.7,5.1,49,False,False,42,sin_control,False,False,1
65,9989,1,1,9,7550,500,8050,134238,20.2,14.0,32,False,False,42,sin_control,False,False,1
66,9989,1,1,9,8100,500,8600,140187,20.4,3.3,28,False,False,42,sin_control,False,False,1
67,9989,0,2,9,8729,502,9231,147780,21.8,0.0,24,False,False,42,sin_control,False,False,1
68,9988,1,1,10,9359,507,9866,155522,21.1,0.0,15,False,False,42,sin_control,False,False,1
69,9988,1,1,10,9861,517,10378,163806,22.1,4.1,11,False,False,42,sin_control,False,False,1
70,9988,1,1,10,10468,519,10988,173247,21.1,11.0,14,False,False,42,sin_control,False,False,1
71,9988,1,1,10,11017,509,11527,183811,21.4,0.8,14,False,False,42,sin_control,False,False,1
72,9988,0,2,10,11599,552,12152,180319,21.7,0.3,12,False,False,42,sin_control,False,False,1
73,9988,0,2,10,12018,562,12581,192229,20.9,17.0,13,False,False,42,sin_control,False,False,1
74,9988,0,2,10,12553,542,13097,205003,22.7,0.0,13,False,False,42,sin_control,False,False,1
75,9988,0,1,11,13367,566,13936,217076,21.0,1.5,13,False,False,42,sin_control,False,False,1
76,9987,1,1,11,16692,611,17304,236249,22.6,0.0,13,False,False,42,sin_control,False,False,1
77,9987,1,1,11,18050,622,18673,241025,21.8,4.3,13,False,False,42,sin_control,False,False,1
78,9987,1,1,11,19277,720,19998,267896,22.6,50.0,33,False,False,42,sin_control,False,False,1
79,9986,2,1,11,20204,708,20913,293127,21.4,3.9,33,False,False,42,sin_control,False,False,1
80,9986,1,1,12,21126,715,21841,316548,21.7,2.4,33,False,False,42,sin_control,False,False,1
81,9986,1,1,12,22239,693,22932,339474,23.9,0.0,25,False,False,42,sin_control,False,False,1
82,9986,1,1,12,23457,675,24132,365151,21.7,4.5,25,False,False,42,sin_control,False,False,1
83,9986,0,2,12,24711,671,25382,389278,22.8,1.0,25,False,False,42,sin_control,False,False,1
84,9986,0,2,12,26084,680,26770,416045,22.3,7.1,28,False,False,42,sin_control,False,False,1
85,9986,0,2,12,27609,678,28292,412299,21.6,0.0,28,False,False,42,sin_control,False,False,1
86,9986,0,2,12,29091,674,29769,445523,20.8,13.9,9,False,False,42,sin_control,False,False,1
87,9986,0,2,12,30577,684,31267,477288,21.2,15.5,16,False,False,42,sin_control,False,False,1
88,9987,0,1,12,32239,661,32909,507314,22.0,0.8,16,False,False,42,sin_control,False,False,1
89,9987,0,1,12,33907,648,34564,539343,21.8,0.0,16,False,False,42,sin_control,False,False,1
90,9987,0,1,12,36423,670,37105,574591,22.1,3.0,16,False,False,42,sin_control,False,False,1
91,9987,0,0,13,39943,684,40637,614958,21.9,19.7,25,False,False,42,sin_control,False,False,1
92,9987,0,0,13,43490,748,44244,660346,21.7,11.8,27,False,False,42,sin_control,False,False,1
93,9987,0,0,13,47016,863,47885,679907,21.3,61.0,57,False,False,42,sin_control,False,False,1
94,9987,0,0,13,50190,878,51072,706932,21.4,4.0,51,False,False,42,sin_control,False,False,1
95,9987,0,0,13,53090,858,53951,773714,22.7,0.0,44,False,False,42,sin_control,False,False,1
96,9986,1,0,13,56360,851,57212,800558,21.2,19.1,53,False,False,42,sin_control,False,False,1
97,9986,1,0,13,59167,849,60016,832611,22.2,8.9,57,False,False,42,sin_control,False,False,1
98,9986,1,0,13,61901,854,62755,865617,21.6,23.7,68,False,False,42,sin_control,False,False,1
99,9986,1,0,13,65222,859,66081,905635,23.0,0.0,59,False,False,42,sin_control,False,False,1
100,9986,0,1,13,68234,861,69095,990345,23.2,0.0,54,False,False,42,sin_control,False,False,1
101,9986,0,1,13,71343,860,72204,1068193,21.8,4.7,24,False,False,42,sin_control,False,False,1
102,9986,0,1,13,74441,837,75281,1144362,21.7,1.7,24,False,False,42,sin_control,False,False,1
103,9985,1,1,13,77802,933,78738,1219304,23.3,52.3,50,False,False,42,sin_control,False,False,1
104,9985,1,1,13,81632,923,82561,1293709,23.2,0.0,41,False,False,42,sin_control,False,False,1
105,9985,1,1,13,86050,910,86966,1371126,22.4,8.7,41,False,False,42,sin_control,False,False,1
106,9986,1,1,12,91148,913,92068,1451921,20.4,2.0,30,False,False,42,sin_control,False,False,1
107,9986,0,2,12,97284,973,98265,1543246,21.5,4.1,30,False,False,42,sin_control,False,False,1
108,9986,0,1,13,104686,986,105679,1644146,19.4,0.0,30,False,False,42,sin_control,False,False,1
109,9986,0,1,13,112962,1012,113979,1754436,20.3,19.1,39,False,False,42,sin_control,False,False,1
110,9986,0,1,13,121723,1074,122801,1876498,20.2,37.1,57,False,False,42,sin_control,False,False,1
111,9986,0,1,13,132096,1118,133217,1928078,19.0,31.1,46,False,False,42,sin_control,False,False,1
112,9986,0,1,13,142447,1136,143587,2087192,20.3,1.8,46,False,False,42,sin_control,False,False,1
113,9986,0,1,13,154623,1126,155753,2261866,21.9,0.0,42,False,False,42,sin_control,False,False,1
114,9986,0,1,13,142923,1030,143956,2388562,19.7,4.7,42,False,False,42,sin_control,False,False,1
115,9985,1,0,14,152559,1039,153601,2398923,21.0,8.6,46,False,False,42,sin_control,False,False,1
116,9985,1,0,14,160897,1022,161922,2543200,22.9,0.0,46,False,False,42,sin_control,False,False,1
117,9986,1,0,13,169640,1006,170649,2698009,20.6,2.0,37,False,False,42,sin_control,False,False,1
118,9986,1,0,13,178437,1080,179519,2657430,21.3,3.9,19,False,False,42,sin_control,False,False,1
119,9986,0,1,13,185637,1054,186692,2646102,22.5,2.0,4,False,False,42,sin_control,False,False,1
120,9985,1,1,13,191378,1039,192420,2861177,22.4,8.9,8,False,False,42,sin_control,False,False,1
121,9984,2,1,13,198011,1024,199040,3052622,22.5,0.0,8,False,False,42,sin_control,False,False,1
122,9982,4,1,13,205875,1015,206893,3014275,22.8,0.0,8,False,False,42,sin_control,False,False,1
123,9980,6,1,13,240949,1106,242060,3088968,22.9,2.2,4,False,False,42,sin_control,False,False,1
124,9980,6,2,12,250612,1130,251747,3185359,22.0,2.0,4,False,False,42,sin_control,False,False,1
125,9980,5,3,12,260793,1177,261977,3294332,20.7,4.1,4,False,False,42,sin_control,False,False,1
126,9980,3,5,12,269377,1144,270529,3409313,19.9,1.4,4,False,False,42,sin_control,False,False,1
127,9980,1,6,13,277045,1117,278172,3525324,21.1,0.5,4,False,False,42,sin_control,False,False,1
128,9979,1,7,13,279770,1076,280860,3620317,21.8,7.1,3,False,False,42,sin_control,False,False,1
129,9979,1,7,13,282899,1031,283957,3714381,22.2,0.3,3,False,False,42,sin_control,False,False,1
130,9979,1,7,13,284817,997,285839,4057349,21.7,10.9,8,False,False,42,sin_control,False,False,1
131,9979,1,7,13,287837,966,288837,4366305,22.0,5.1,10,False,False,42,sin_control,False,False,1
132,9976,3,7,14,294738,947,295729,4647830,21.8,5.3,12,False,False,42,sin_control,False,False,1
133,9976,3,6,15,304955,941,305958,4917236,22.3,0.0,12,False,False,42,sin_control,False,False,1
134,9977,3,4,16,315549,928,316546,5173735,21.5,3.0,12,False,False,42,sin_control,False,False,1
135,9977,3,2,18,325988,934,326996,5430821,23.3,2.0,12,False,False,42,sin_control,False,False,1
136,9977,0,4,19,340726,920,341728,5687198,22.6,1.0,9,False,False,42,sin_control,False,False,1
137,9976,1,4,19,366098,934,367132,5554568,21.2,0.0,9,False,False,42,sin_control,False,False,1
138,9976,1,4,19,391096,938,392149,5537304,20.7,6.9,7,False,False,42,sin_control,False,False,1
139,9976,1,4,19,416701,962,417803,5603790,22.2,0.0,5,False,False,42,sin_control,False,False,1
140,9976,1,3,20,441705,969,442829,5736944,21.5,3.2,3,False,False,42,sin_control,False,False,1
141,9975,1,4,20,466526,983,467668,5924135,22.2,7.0,6,False,False,42,sin_control,False,False,1
142,9974,2,4,20,489690,1025,490897,6133849,23.9,0.5,6,False,False,42,sin_control,False,False,1
143,9974,2,4,20,512376,1023,513591,6829221,22.5,7.9,9,False,False,42,sin_control,False,False,1
144,9973,3,1,23,533224,1018,534432,7488451,20.5,6.0,12,False,False,42,sin_control,False,False,1
145,9973,2,2,23,553728,1024,554914,7556921,21.1,0.0,12,False,False,42,sin_control,False,False,1
146,9972,2,3,23,568132,1000,569297,8223708,21.8,1.0,9,False,False,42,sin_control,False,False,1
147,9972,3,3,22,583744,1011,584914,8226289,22.1,0.0,9,False,False,42,sin_control,False,False,1
148,9973,2,4,21,594689,1020,595844,8877400,20.7,15.3,16,False,False,42,sin_control,False,False,1
149,9973,2,3,22,606876,1041,608091,9472347,22.7,0.8,13,False,False,42,sin_control,False,False,1
150,9972,2,4,22,620506,1038,621725,9316244,21.9,1.0,13,False,False,42,sin_control,False,False,1
151,9971,2,5,22,637177,1037,638415,9245212,22.1,0.3,10,False,False,42,sin_control,False,False,1
152,9971,2,5,22,657445,1030,658661,9939654,20.6,18.2,16,False,False,42,sin_control,False,False,1
153,9971,3,4,22,687124,1007,688321,10614241,20.7,1.0,16,False,False,42,sin_control,False,False,1
154,9972,2,4,22,726806,1034,728009,11305209,20.5,10.9,21,False,False,42,sin_control,False,False,1
155,9971,2,5,22,776516,1073,777745,12049696,20.4,1.7,21,False,False,42,sin_control,False,False,1
156,9971,2,4,23,835334,1102,836588,12874223,20.8,8.7,18,False,False,42,sin_control,False,False,1
157,9971,1,5,23,772844,1034,774015,13461461,21.5,0.3,18,False,False,42,sin_control,False,False,1
158,9971,1,4,24,824196,1070,825394,14018609,19.9,6.0,21,False,False,42,sin_control,False,False,1
159,9971,0,4,25,870714,1048,871875,14659610,20.0,14.3,28,False,False,42,sin_control,False,False,1
160,9972,0,4,24,926092,1072,927257,15378023,20.3,25.5,31,False,False,42,sin_control,False,False,1
161,9972,0,4,24,979224,1080,980385,16167715,20.3,26.8,44,False,False,42,sin_control,False,False,1
162,9972,0,3,25,1040559,1063,1041692,17044075,21.6,0.0,39,False,False,42,sin_control,False,False,1
163,9972,0,2,26,1097233,1081,1098373,17985928,20.6,20.2,49,False,False,42,sin_control,False,False,1
164,9971,1,2,26,1150725,1092,1151870,18160459,20.5,10.9,50,False,False,42,sin_control,False,False,1
165,9970,2,1,27,1205461,1106,1206612,18466684,19.7,5.0,52,False,False,42,sin_control,False,False,1
166,9970,2,1,27,1261598,1107,1262742,18922894,20.6,11.8,54,False,False,42,sin_control,False,False,1
167,9969,3,0,28,1308368,1137,1309535,20286172,19.1,10.4,52,False,False,42,sin_control,False,False,1
168,9969,2,1,28,1354968,1116,1356108,21601414,19.9,13.5,46,False,False,42,sin_control,False,False,1
169,9969,1,2,28,1253352,1031,1254401,22440170,20.2,0.0,33,False,False,42,sin_control,False,False,1
170,9970,1,2,27,1314579,1014,1315611,23221948,20.4,1.0,33,False,False,42,sin_control,False,False,1
171,9971,0,3,26,1359770,993,1360783,24104889,20.0,4.1,23,False,False,42,sin_control,False,False,1
172,9971,0,3,26,1406056,980,1407059,25020728,21.2,2.3,18,False,False,42,sin_control,False,False,1
173,9971,0,3,26,1557784,1005,1558822,26413217,22.6,1.0,16,False,False,42,sin_control,False,False,1
174,9971,0,3,26,1603724,975,1604734,27678427,21.1,4.1,11,False,False,42,sin_control,False,False,1
175,9972,0,3,25,1651665,1001,1652701,26857944,19.8,5.1,8,False,False,42,sin_control,False,False,1
176,9973,0,2,25,1690020,1003,1691061,26369874,20.6,6.1,5,False,False,42,sin_control,False,False,1
177,9973,0,1,26,1721035,934,1722005,28021280,20.0,10.6,10,False,False,42,sin_control,False,False,1
178,9974,0,1,25,1756168,936,1757130,29542974,21.6,0.0,10,False,False,42,sin_control,False,False,1
179,9974,0,0,26,1799086,901,1800006,31019316,21.4,0.5,10,False,False,42,sin_control,False,False,1
180,9974,0,0,26,1849407,861,1850280,32452680,21.0,8.3,14,False,False,42,sin_control,False,False,1
181,9974,0,0,26,1906956,859,1907824,33916334,20.7,24.7,26,False,False,42,sin_control,False,False,1
182,9974,0,0,26,1960825,846,1961676,35369871,21.1,10.7,31,False,False,42,sin_control,False,False,1
183,9974,0,0,26,2013577,819,2014400,36824100,22.8,1.4,29,False,False,42,sin_control,False,False,1
184,9974,0,0,26,2050300,790,2051093,38096419,22.7,0.6,26,False,False,42,sin_control,False,False,1
185,9974,0,0,26,2194606,782,2195390,40320265,21.4,10.5,26,False,False,42,sin_control,False,False,1
186,9975,0,0,25,2237219,765,2237984,41875379,21.9,9.8,30,False,False,42,sin_control,False,False,1
187,9975,0,0,25,2286175,722,2286897,43507688,22.7,5.1,32,False,False,42,sin_control,False,False,1
188,9975,0,0,25,2331491,690,2332181,45037974,20.5,3.8,28,False,False,42,sin_control,False,False,1
189,9975,0,0,25,2379047,659,2379706,46620394,21.9,1.2,16,False,False,42,sin_control,False,False,1
190,9975,0,0,25,2430265,658,2430923,48301062,22.6,3.2,11,False,False,42,sin_control,False,False,1
191,9975,0,0,25,2473881,647,2474528,49872902,20.3,12.4,17,False,False,42,sin_control,False,False,1
192,9976,0,0,24,2514862,667,2515529,51392222,20.8,33.8,33,False,False,42,sin_control,False,False,1
193,9976,0,0,24,2551168,639,2551807,52860935,20.8,4.9,28,False,False,42,sin_control,False,False,1
194,9976,0,0,24,2585715,622,2586337,54261570,21.5,5.5,26,False,False,42,sin_control,False,False,1
195,9976,0,0,24,2617425,620,2618045,55622948,22.6,2.5,24,False,False,42,sin_control,False,False,1
196,9976,0,0,24,2648273,578,2648851,56933328,22.9,9.7,28,False,False,42,sin_control,False,False,1
197,9976,0,0,24,2677092,563,2677655,58209032,21.3,1.0,28,False,False,42,sin_control,False,False,1
198,9976,0,0,24,2703101,549,2703650,59379360,21.7,0.5,28,False,False,42,sin_control,False,False,1
199,9977,0,0,23,2733765,534,2734299,56474479,21.2,0.5,22,False,False,42,sin_control,False,False,1
200,9977,0,0,23,2757141,502,2757643,53962089,22.4,0.0,6,False,False,42,sin_control,False,False,1
201,9977,0,0,23,2776415,478,2776893,52015918,21.9,3.0,6,False,False,42,sin_control,False,False,1
202,9977,0,0,23,2791300,451,2791751,50407405,21.8,2.0,4,False,False,42,sin_control,False,False,1
203,9977,0,0,23,2803523,427,2803950,41670629,22.0,0.0,4,False,False,42,sin_control,False,False,1
204,9977,0,0,23,2807203,398,2807601,35819908,22.3,0.5,0,False,False,42,sin_control,False,False,1
205,9978,0,0,22,2803338,372,2803710,31856100,21.6,0.5,0,False,False,42,sin_control,False,False,1
206,9978,0,0,22,2792648,362,2793010,33828533,20.6,4.1,0,False,False,42,sin_control,False,False,1
207,9978,0,0,22,2781884,352,2782236,37803227,20.2,16.6,8,False,False,42,sin_control,False,False,1
208,9978,0,0,22,2774428,322,2774750,41142826,21.1,14.0,15,False,False,42,sin_control,False,False,1
209,9977,1,0,22,2769176,309,2769485,43980004,21.4,1.3,15,False,False,42,sin_control,False,False,1
210,9976,2,0,22,2766989,291,2767280,46367039,23.3,0.0,15,False,False,42,sin_control,False,False,1
211,9976,2,0,22,2766495,275,2766770,48393802,22.7,0.0,15,False,False,42,sin_control,False,False,1
212,9976,2,0,22,2768524,262,2768786,50155316,22.2,2.0,15,False,False,42,sin_control,False,False,1
213,9976,1,1,22,2776098,255,2776353,51762697,21.7,1.0,15,False,False,42,sin_control,False,False,1
214,9975,1,2,22,2788010,252,2788267,53191972,21.1,7.1,18,False,False,42,sin_control,False,False,1
215,9975,1,2,22,2803269,243,2803519,50573280,21.3,11.7,15,False,False,42,sin_control,False,False,1
216,9975,1,2,22,2818181,243,2818447,52346904,22.0,6.1,11,False,False,42,sin_control,False,False,1
217,9975,1,2,22,2846879,254,2847154,54212456,21.0,25.9,23,False,False,42,sin_control,False,False,1
218,9975,0,3,22,2886254,251,2886540,56246108,21.1,2.4,23,False,False,42,sin_control,False,False,1
219,9975,0,3,22,2933929,246,2934225,58616971,22.9,0.0,23,False,False,42,sin_control,False,False,1
220,9975,0,3,22,2972190,262,2972510,60883381,23.2,1.7,23,False,False,42,sin_control,False,False,1
221,9975,0,2,23,3000891,274,3001215,62909415,21.3,5.6,25,False,False,42,sin_control,False,False,1
222,9975,0,1,24,3023359,280,3023680,64700136,21.6,3.6,22,False,False,42,sin_control,False,False,1
223,9975,0,1,24,3041022,276,3041329,66289774,22.3,16.9,25,False,False,42,sin_control,False,False,1
224,9975,0,1,24,3055600,277,3055904,67684598,21.7,0.0,22,False,False,42,sin_control,False,False,1
225,9975,0,1,24,3067551,274,3067849,68937669,21.4,14.9,17,False,False,42,sin_control,False,False,1
226,9976,0,0,24,3078093,281,3078394,70026692,21.4,8.6,21,False,False,42,sin_control,False,False,1
227,9976,0,0,24,3086574,287,3086875,71013205,20.4,18.0,30,False,False,42,sin_control,False,False,1
228,9976,0,0,24,3095378,281,3095669,71893914,20.6,0.0,30,False,False,42,sin_control,False,False,1
229,9976,0,0,24,3106670,271,3106950,72944533,21.7,0.4,28,False,False,42,sin_control,False,False,1
230,9977,0,0,23,3117383,250,3117641,73885021,22.1,2.3,28,False,False,42,sin_control,False,False,1
231,9977,0,0,23,3128824,267,3129097,74819740,22.7,5.9,22,False,False,42,sin_control,False,False,1
232,9977,0,0,23,3142592,277,3142873,75811509,20.8,7.1,25,False,False,42,sin_control,False,False,1
233,9977,0,0,23,3159388,274,3159664,76905872,21.1,0.0,18,False,False,42,sin_control,False,False,1
234,9977,0,0,23,3178644,277,3178923,72347042,21.1,6.5,17,False,False,42,sin_control,False,False,1
235,9976,1,0,23,3194549,281,3194831,73928467,21.4,9.5,12,False,False,42,sin_control,False,False,1
236,9976,1,0,23,3211276,284,3211561,75320949,22.2,1.4,12,False,False,42,sin_control,False,False,1
237,9976,1,0,23,3226789,277,3227066,76592678,21.6,2.5,12,False,False,42,sin_control,False,False,1
238,9976,1,0,23,3242150,254,3242404,77714288,21.1,6.3,15,False,False,42,sin_control,False,False,1
239,9976,0,1,23,3257397,263,3257660,78703639,21.8,0.0,13,False,False,42,sin_control,False,False,1
240,9976,0,1,23,3272412,270,3272684,79622538,20.2,3.3,10,False,False,42,sin_control,False,False,1
241,9976,0,1,23,3285934,284,3286226,74588038,21.7,0.0,10,False,False,42,sin_control,False,False,1
242,9976,0,1,23,3296346,279,3296640,70463242,22.3,5.4,9,False,False,42,sin_control,False,False,1
243,9977,0,1,22,3304328,270,3304609,72324376,22.2,14.0,12,False,False,42,sin_control,False,False,1
244,9977,0,1,22,3312864,276,3313157,73951736,21.8,0.0,12,False,False,42,sin_control,False,False,1
245,9977,0,1,22,3321665,268,3321951,75396625,21.3,3.4,12,False,False,42,sin_control,False,False,1
246,9977,0,1,22,3331081,257,3331351,76724982,21.4,8.9,13,False,False,42,sin_control,False,False,1
247,9977,0,0,23,3341077,258,3341343,77949385,21.7,7.7,16,False,False,42,sin_control,False,False,1
248,9976,1,0,23,3353910,254,3354168,79317528,22.2,1.4,16,False,False,42,sin_control,False,False,1
249,9976,1,0,23,3368274,242,3368518,80433994,22.4,1.7,16,False,False,42,sin_control,False,False,1
250,9976,1,0,23,3382227,242,3382470,81443309,20.7,6.7,17,False,False,42,sin_control,False,False,1
251,9976,1,0,23,3396387,235,3396622,82372166,22.5,1.9,10,False,False,42,sin_control,False,False,1
252,9976,0,1,23,3410064,243,3410307,83190168,23.3,0.0,10,False,False,42,sin_control,False,False,1
253,9976,0,1,23,3423083,231,3423341,83944949,22.2,14.0,17,False,False,42,sin_control,False,False,1
254,9976,0,1,23,3437166,227,3437489,84644196,22.1,0.0,13,False,False,42,sin_control,False,False,1
255,9976,0,1,23,3453283,244,3453603,85620056,21.0,31.0,25,False,False,42,sin_control,False,False,1
256,9975,1,1,23,3471416,246,3471769,86712490,22.0,0.0,25,False,False,42,sin_control,False,False,1
257,9975,1,1,23,3487604,248,3487961,87630863,21.0,3.9,25,False,False,42,sin_control,False,False,1
258,9975,1,1,23,3503426,261,3503795,88461926,21.9,13.6,28,False,False,42,sin_control,False,False,1
259,9975,1,1,23,3516568,264,3516916,89268999,20.5,22.6,39,False,False,42,sin_control,False,False,1
260,9975,0,1,24,3529062,271,3529403,89987557,20.5,24.8,51,False,False,42,sin_control,False,False,1
261,9975,0,1,24,3540589,255,3540946,86711710,20.8,7.7,47,False,False,42,sin_control,False,False,1
262,9975,0,1,24,3550077,239,3550415,87876584,20.6,1.2,47,False,False,42,sin_control,False,False,1
263,9975,0,1,24,3560115,221,3560438,88862367,21.7,11.2,37,False,False,42,sin_control,False,False,1
264,9975,0,1,24,3569405,225,3569716,89757200,20.4,18.0,46,False,False,42,sin_control,False,False,1
265,9975,0,1,24,3578829,222,3579145,90549155,20.6,4.9,46,False,False,42,sin_control,False,False,1
266,9977,0,1,22,3309787,215,3310134,87715470,21.5,2.0,40,False,False,42,sin_control,False,False,1
267,9976,1,1,22,3574289,204,3574618,87562411,20.7,0.0,29,False,False,42,sin_control,False,False,1
268,9976,1,0,23,3583218,188,3583570,88193381,22.4,0.0,17,False,False,42,sin_control,False,False,1
269,9976,1,0,23,3590529,191,3590809,88812680,22.3,0.0,14,False,False,42,sin_control,False,False,1
270,9976,1,0,23,3598010,196,3598266,82878013,21.9,0.0,14,False,False,42,sin_control,False,False,1
271,9976,0,1,23,3604635,193,3604864,78089581,21.3,6.4,12,False,False,42,sin_control,False,False,1
272,9977,0,1,22,3609817,183,3610033,74120766,19.9,7.2,6,False,False,42,sin_control,False,False,1
273,9977,0,1,22,3614367,183,3614580,70796576,19.8,2.4,6,False,False,42,sin_control,False,False,1
274,9977,0,1,22,3618365,190,3618580,68036266,20.5,0.0,6,False,False,42,sin_control,False,False,1
275,9977,0,1,22,3621512,191,3621734,65731565,21.3,1.7,6,False,False,42,sin_control,False,False,1
276,9977,0,1,22,3624781,192,3625016,63896156,22.6,3.3,6,False,False,42,sin_control,False,False,1
277,9977,0,1,22,3627234,185,3627463,62278367,21.0,0.5,6,False,False,42,sin_control,False,False,1
278,9977,0,1,22,3628792,171,3629002,60899504,20.4,0.0,6,False,False,42,sin_control,False,False,1
279,9977,0,0,23,3630174,161,3630371,50634167,20.8,1.7,3,False,False,42,sin_control,False,False,1
280,9977,0,0,23,3629081,143,3629252,51320405,21.6,6.1,3,False,False,42,sin_control,False,False,1
281,9978,0,0,22,3625528,135,3625685,51403185,19.7,7.3,6,False,False,42,sin_control,False,False,1
282,9978,0,0,22,3623611,179,3623806,55417520,21.1,39.1,25,False,False,42,sin_control,False,False,1
283,9978,0,0,22,3621649,175,3621838,58852071,21.9,0.0,25,False,False,42,sin_control,False,False,1
284,9978,0,0,22,3620392,166,3620567,61777989,21.4,0.0,25,False,False,42,sin_control,False,False,1
285,9978,0,0,22,3620453,152,3620611,64381336,20.7,9.9,29,False,False,42,sin_control,False,False,1
286,9978,0,0,22,3622088,143,3622234,66678040,20.2,7.4,32,False,False,42,sin_control,False,False,1
287,9978,0,0,22,3625278,139,3625417,68684786,21.5,4.7,32,False,False,42,sin_control,False,False,1
288,9978,0,0,22,3629616,130,3629746,70501303,22.1,13.7,35,False,False,42,sin_control,False,False,1
289,9978,0,0,22,3635014,125,3635139,72156475,21.7,12.1,38,False,False,42,sin_control,False,False,1
290,9978,0,0,22,3641015,118,3641133,73668124,20.8,21.8,29,False,False,42,sin_control,False,False,1
291,9978,0,0,22,3647810,164,3647974,71805605,20.6,38.6,48,False,False,42,sin_control,False,False,1
292,9979,0,0,21,3654060,158,3654218,73559153,20.6,0.0,48,False,False,42,sin_control,False,False,1
293,9979,0,0,21,3660224,148,3660372,71940851,20.8,11.1,49,False,False,42,sin_control,False,False,1
294,9979,0,0,21,3668505,144,3668649,74286707,21.0,0.0,46,False,False,42,sin_control,False,False,1
295,9979,0,0,21,3677204,140,3677344,76422137,20.5,7.7,49,False,False,42,sin_control,False,False,1
296,9979,0,0,21,3684734,130,3684864,78378582,21.6,6.1,46,False,False,42,sin_control,False,False,1
297,9979,0,0,21,3691464,132,3691596,80083432,19.9,9.5,44,False,False,42,sin_control,False,False,1
298,9979,0,0,21,3697083,132,3697215,81578340,19.9,13.5,40,False,False,42,sin_control,False,False,1
299,9979,0,0,21,3701678,140,3701818,82883655,19.5,5.9,23,False,False,42,sin_control,False,False,1
300,9979,0,0,21,3705885,142,3706027,84009213,20.6,2.0,23,False,False,42,sin_control,False,False,1
301,9980,0,0,20,3709299,136,3709435,85035687,19.6,2.3,18,False,False,42,sin_control,False,False,1
302,9980,0,0,20,3712359,133,3712492,85915087,20.5,0.0,18,False,False,42,sin_control,False,False,1
303,9980,0,0,20,3715566,126,3715692,86667629,21.2,0.0,15,False,False,42,sin_control,False,False,1
304,9980,0,0,20,3718705,126,3718831,87381703,21.6,3.1,12,False,False,42,sin_control,False,False,1
305,9980,0,0,20,3721377,121,3721498,81570317,22.3,1.8,8,False,False,42,sin_control,False,False,1
306,9981,0,0,19,3723860,132,3723992,77012517,20.4,12.2,8,False,False,42,sin_control,False,False,1
307,9981,0,0,19,3725903,130,3726033,73249084,21.8,3.6,6,False,False,42,sin_control,False,False,1
308,9981,0,0,19,3727946,125,3728071,75696558,21.1,6.7,9,False,False,42,sin_control,False,False,1
309,9981,0,0,19,3729983,117,3730100,77899763,21.2,8.1,13,False,False,42,sin_control,False,False,1
310,9981,0,0,19,3732483,115,3732598,79817749,21.3,3.6,13,False,False,42,sin_control,False,False,1
311,9982,0,0,18,3735357,122,3735479,81489465,21.2,11.5,18,False,False,42,sin_control,False,False,1
312,9982,0,0,18,3738030,141,3738171,82890883,21.3,26.0,31,False,False,42,sin_control,False,False,1
313,9982,0,0,18,3740334,143,3740477,84136866,20.4,18.5,40,False,False,42,sin_control,False,False,1
314,9982,0,0,18,3742317,145,3742462,85175341,20.4,15.2,41,False,False,42,sin_control,False,False,1
315,9982,0,0,18,3744165,180,3744345,82307705,21.3,35.2,58,False,False,42,sin_control,False,False,1
316,9982,0,0,18,3745920,176,3746096,79880470,20.6,11.9,60,False,False,42,sin_control,False,False,1
317,9982,0,0,18,3747479,173,3747652,77776241,20.3,10.0,61,False,False,42,sin_control,False,False,1
318,9982,0,0,18,3748781,175,3748956,75987357,21.9,0.0,61,False,False,42,sin_control,False,False,1
319,9982,0,0,18,3749952,166,3750118,77860086,22.0,7.6,59,False,False,42,sin_control,False,False,1
320,9982,0,0,18,3751517,160,3751677,79647656,21.7,0.0,46,False,False,42,sin_control,False,False,1
321,9982,0,0,18,3753156,155,3753311,81364564,19.1,1.4,37,False,False,42,sin_control,False,False,1
322,9982,0,0,18,3755248,156,3755404,82990089,20.9,3.9,30,False,False,42,sin_control,False,False,1
323,9982,0,0,18,3756831,153,3756984,84371475,21.6,10.1,18,False,False,42,sin_control,False,False,1
324,9982,0,0,18,3758583,147,3758730,85612467,21.0,6.4,16,False,False,42,sin_control,False,False,1
325,9982,0,0,18,3760378,139,3760517,86669750,20.7,11.9,16,False,False,42,sin_control,False,False,1
326,9982,0,0,18,3761972,134,3762106,87581689,21.6,10.1,21,False,False,42,sin_control,False,False,1
327,9982,0,0,18,3763289,133,3763422,88358474,21.5,3.2,18,False,False,42,sin_control,False,False,1
328,9982,0,0,18,3764703,134,3764837,89037678,21.2,15.0,25,False,False,42,sin_control,False,False,1
329,9982,0,0,18,3766260,131,3766391,89606353,20.7,0.0,25,False,False,42,sin_control,False,False,1
330,9982,0,0,18,3768149,145,3768294,90267314,21.0,7.1,28,False,False,42,sin_control,False,False,1
331,9982,0,0,18,3770108,141,3770249,90912703,20.4,13.9,29,False,False,42,sin_control,False,False,1
332,9982,0,0,18,3772392,144,3772536,91639221,20.9,9.7,30,False,False,42,sin_control,False,False,1
333,9983,0,0,17,3774729,151,3774880,92394739,19.5,10.7,30,False,False,42,sin_control,False,False,1
334,9983,0,0,17,3776448,148,3776596,92983346,20.1,3.5,25,False,False,42,sin_control,False,False,1
335,9984,0,0,16,3778278,154,3778432,93554551,20.0,2.9,25,False,False,42,sin_control,False,False,1
336,9985,0,0,15,3779730,153,3779883,94154877,20.9,0.0,18,False,False,42,sin_control,False,False,1
337,9985,0,0,15,3781257,151,3781408,94674691,19.8,2.7,18,False,False,42,sin_control,False,False,1
338,9985,0,0,15,3782705,148,3782853,95147658,20.7,6.2,18,False,False,42,sin_control,False,False,1
339,9985,0,0,15,3784071,147,3784218,95531661,21.0,6.8,15,False,False,42,sin_control,False,False,1
340,9985,0,0,15,3785738,154,3785892,88823417,20.8,1.8,11,False,False,42,sin_control,False,False,1
341,9985,0,0,15,3787031,154,3787185,83319523,18.9,0.8,6,False,False,42,sin_control,False,False,1
342,9985,0,0,15,3788099,156,3788255,78803358,20.5,0.0,6,False,False,42,sin_control,False,False,1
343,9986,0,0,14,3503790,143,3503933,72423577,20.2,2.7,6,False,False,42,sin_control,False,False,1
344,9986,0,0,14,3788982,156,3789138,71023139,21.3,6.2,9,False,False,42,sin_control,False,False,1
345,9985,1,0,14,3789557,158,3789715,68628354,21.4,2.0,9,False,False,42,sin_control,False,False,1
346,9985,1,0,14,3789889,156,3790045,71671797,21.4,16.0,14,False,False,42,sin_control,False,False,1
347,9985,1,0,14,3790382,151,3790533,74323433,21.6,0.0,11,False,False,42,sin_control,False,False,1
348,9985,1,0,14,3791296,153,3791449,76577481,21.0,0.2,11,False,False,42,sin_control,False,False,1
349,9985,0,1,14,3792287,149,3792436,78505515,22.8,0.0,11,False,False,42,sin_control,False,False,1
350,9985,0,1,14,3793276,137,3793413,80125816,22.5,1.9,11,False,False,42,sin_control,False,False,1
351,9985,0,1,14,3794389,130,3794519,75621107,21.6,0.0,11,False,False,42,sin_control,False,False,1
352,9986,0,1,13,3795340,121,3795467,71942926,21.8,0.2,8,False,False,42,sin_control,False,False,1
353,9986,0,1,13,3796114,120,3796242,58267997,20.7,0.3,8,False,False,42,sin_control,False,False,1
354,9986,0,1,13,3799234,117,3799363,50972983,22.5,0.0,0,False,False,42,sin_control,False,False,1
355,9986,0,1,13,3799256,115,3799382,44646706,22.4,0.5,0,False,False,42,sin_control,False,False,1
356,9986,0,1,13,3798782,109,3798901,40408592,23.1,1.3,0,False,False,42,sin_control,False,False,1
357,9986,1,0,13,3769351,109,3769474,37350442,22.5,0.0,0,False,False,42,sin_control,False,False,1
358,9986,1,0,13,3778665,103,3778781,35440637,21.6,0.6,0,False,False,42,sin_control,False,False,1
359,9985,2,0,13,3705286,99,3705396,34041577,21.6,0.2,0,False,False,42,sin_control,False,False,1
360,9986,2,0,12,3580228,92,3580329,32790441,20.7,1.6,0,False,False,42,sin_control,False,False,1
361,9986,1,1,12,3423858,86,3423951,31559360,21.6,0.0,0,False,False,42,sin_control,False,False,1
362,9986,1,1,12,3250129,80,3250225,30230908,20.9,5.4,2,False,False,42,sin_control,False,False,1
363,9986,0,2,12,3066809,74,3066910,28817184,21.9,1.9,2,False,False,42,sin_control,False,False,1
364,9986,0,2,12,2881238,71,2881349,31667277,21.7,11.6,7,False,False,42,sin_control,False,False,1
